<RestServiceMetaDataV2 z:Id="1" z:Type="HP.ST.Ext.RestDesignTime.RestServiceMetaDataV2" z:Assembly="HP.ST.Ext.RestDesignTime, Version=11.0.0.0, Culture=neutral, PublicKeyToken=null" xmlns="http://schemas.datacontract.org/2004/07/HP.ST.Ext.RestDesignTime" xmlns:i="http://www.w3.org/2001/XMLSchema-instance" xmlns:z="http://schemas.microsoft.com/2003/10/Serialization/"><ID z:Id="2" xmlns="http://schemas.datacontract.org/2004/07/HP.ST.Fwk.DesignerModel">548bc469-26f8-483d-88f5-49fc33a22cee</ID><Parent i:nil="true" xmlns="http://schemas.datacontract.org/2004/07/HP.ST.Fwk.DesignerModel"/><addinID z:Id="3" xmlns="http://schemas.datacontract.org/2004/07/HP.ST.Fwk.DesignerModel">HP.ST.RestDesignTime.RestServicesV2</addinID><addinVersion z:Id="4" xmlns="http://schemas.datacontract.org/2004/07/HP.ST.Fwk.DesignerModel">15.0.2.1306</addinVersion><children z:Id="5" xmlns="http://schemas.datacontract.org/2004/07/HP.ST.Fwk.DesignerModel"><items z:Id="6" z:Type="System.Collections.Generic.List`1[[HP.ST.Fwk.DesignerModel.TestResource, HP.ST.Fwk.DesignerModel, Version=11.0.0.0, Culture=neutral, PublicKeyToken=a55d8ef45e7637d3]]" z:Assembly="0"><_items z:Id="7" z:Size="0"/><_size>0</_size><_version>0</_version></items><_monitor z:Id="8" xmlns:a="http://schemas.datacontract.org/2004/07/System.Collections.ObjectModel"><a:_busyCount>0</a:_busyCount></_monitor></children><Group z:Id="9" xmlns="http://schemas.datacontract.org/2004/07/HP.ST.Fwk.DesignerModel">Network</Group><CustomValue i:nil="true" xmlns="http://schemas.datacontract.org/2004/07/HP.ST.Fwk.DesignerModel"/><Description z:Id="10" xmlns="http://schemas.datacontract.org/2004/07/HP.ST.Fwk.DesignerModel"/><DisplayName z:Id="11" xmlns="http://schemas.datacontract.org/2004/07/HP.ST.Fwk.DesignerModel">New Service</DisplayName><Draggable xmlns="http://schemas.datacontract.org/2004/07/HP.ST.Fwk.DesignerModel">false</Draggable><EditablePrototype xmlns="http://schemas.datacontract.org/2004/07/HP.ST.Fwk.DesignerModel">true</EditablePrototype><Events z:Id="12" xmlns="http://schemas.datacontract.org/2004/07/HP.ST.Fwk.DesignerModel"><Parent z:Ref="1" i:nil="true"/><canBeArrayCheckPoint>false</canBeArrayCheckPoint><canBeCheckPoint>false</canBeCheckPoint><canBeDestination>false</canBeDestination><canBeSource>false</canBeSource><displayName z:Id="13">Events</displayName><expandDepth>-1</expandDepth><intraActivityPrecedence>100</intraActivityPrecedence><isJsonSection>false</isJsonSection><isSharedMetaData>false</isSharedMetaData><loadFromReplayEnabled i:nil="true"/><name z:Ref="13" i:nil="true"/><propertiesType i:nil="true"/><showXmlControls>false</showXmlControls><eventsList z:Id="14"><_items z:Id="15" z:Size="4"><EventPropertyMetaData z:Id="16"><name z:Id="17">CodeCheckPointEvent</name><serializedParentSection z:Ref="12" i:nil="true"/><Description z:Id="18">fromResource(event_desc_code_cp)</Description><EventArgs z:Id="19">CheckpointEventArgs</EventArgs><example i:nil="true"/></EventPropertyMetaData><EventPropertyMetaData z:Id="20"><name z:Id="21">BeforeExecuteStepEvent</name><serializedParentSection z:Ref="12" i:nil="true"/><Description z:Id="22">fromResource(event_desc_before_exec)</Description><EventArgs z:Id="23">STActivityBaseEventArgs</EventArgs><example i:nil="true"/></EventPropertyMetaData><EventPropertyMetaData z:Id="24"><name z:Id="25">AfterExecuteStepEvent</name><serializedParentSection z:Ref="12" i:nil="true"/><Description z:Id="26">fromResource(event_desc_after_exec)</Description><EventArgs z:Id="27">STActivityBaseEventArgs</EventArgs><example i:nil="true"/></EventPropertyMetaData><EventPropertyMetaData i:nil="true"/></_items><_size>3</_size><_version>3</_version></eventsList></Events><IconPath z:Id="28" xmlns="http://schemas.datacontract.org/2004/07/HP.ST.Fwk.DesignerModel">icmb_Rest_service_16.png</IconPath><RunTimeAssemblyName z:Id="29" xmlns="http://schemas.datacontract.org/2004/07/HP.ST.Fwk.DesignerModel">HP.ST.Ext.RESTActivity.dll</RunTimeAssemblyName><RunTimeClassName z:Id="30" xmlns="http://schemas.datacontract.org/2004/07/HP.ST.Fwk.DesignerModel">HP.ST.Ext.RestActivity.RESTActivityV2</RunTimeClassName><SupportedTestTypes z:Id="31" xmlns="http://schemas.datacontract.org/2004/07/HP.ST.Fwk.DesignerModel">all</SupportedTestTypes><Tabs z:Id="32" xmlns="http://schemas.datacontract.org/2004/07/HP.ST.Fwk.DesignerModel"><Parent z:Ref="1" i:nil="true"/><canBeArrayCheckPoint>false</canBeArrayCheckPoint><canBeCheckPoint>false</canBeCheckPoint><canBeDestination>false</canBeDestination><canBeSource>false</canBeSource><displayName z:Id="33">Tabs</displayName><expandDepth>-1</expandDepth><intraActivityPrecedence>100</intraActivityPrecedence><isJsonSection>false</isJsonSection><isSharedMetaData>false</isSharedMetaData><loadFromReplayEnabled i:nil="true"/><name z:Ref="33" i:nil="true"/><propertiesType i:nil="true"/><showXmlControls>false</showXmlControls><sectionTabs z:Id="34"><_items z:Id="35" z:Size="4"><TabPropertyMetaData z:Id="36"><name z:Id="37">General</name><serializedParentSection z:Ref="32" i:nil="true"/><CanBeInDataLinkDialog>false</CanBeInDataLinkDialog><CanBeInPropertySheet>true</CanBeInPropertySheet><CanBeInToolbox>true</CanBeInToolbox><Id z:Id="38">GeneralTab</Id></TabPropertyMetaData><TabPropertyMetaData z:Id="39"><name z:Id="40">RestV2ServiceResourceInputTab</name><serializedParentSection z:Ref="32" i:nil="true"/><CanBeInDataLinkDialog>true</CanBeInDataLinkDialog><CanBeInPropertySheet>true</CanBeInPropertySheet><CanBeInToolbox>true</CanBeInToolbox><Id z:Id="41">RestV2ServiceResourceInputTab</Id></TabPropertyMetaData><TabPropertyMetaData i:nil="true"/><TabPropertyMetaData i:nil="true"/></_items><_size>2</_size><_version>2</_version></sectionTabs></Tabs><TranslationID z:Ref="10" i:nil="true" xmlns="http://schemas.datacontract.org/2004/07/HP.ST.Fwk.DesignerModel"/><Visible xmlns="http://schemas.datacontract.org/2004/07/HP.ST.Fwk.DesignerModel">true</Visible><toolboxPresenterId z:Id="42" xmlns="http://schemas.datacontract.org/2004/07/HP.ST.Fwk.DesignerModel">HP.ST.RestServicesPresenter</toolboxPresenterId><Alerts i:nil="true" xmlns="http://schemas.datacontract.org/2004/07/HP.ST.Fwk.DesignerModel"/><GeneralProperties z:Id="43" xmlns="http://schemas.datacontract.org/2004/07/HP.ST.Fwk.DesignerModel"><Parent z:Ref="1" i:nil="true"/><canBeArrayCheckPoint>false</canBeArrayCheckPoint><canBeCheckPoint>false</canBeCheckPoint><canBeDestination>true</canBeDestination><canBeSource>false</canBeSource><displayName z:Id="44">Input</displayName><expandDepth>-1</expandDepth><intraActivityPrecedence>100</intraActivityPrecedence><isJsonSection>false</isJsonSection><isSharedMetaData>false</isSharedMetaData><loadFromReplayEnabled i:nil="true"/><name z:Id="45">GeneralProperties</name><propertiesType z:Id="46">.NET</propertiesType><showXmlControls>false</showXmlControls><AdditionalSchemas i:nil="true" xmlns:a="http://schemas.microsoft.com/2003/10/Serialization/Arrays"/><SectionSchema i:nil="true"/><gridMetaData z:Id="47" xmlns:a="http://schemas.datacontract.org/2004/07/HP.ST.Fwk.DesignerModel.XsdProperties"><rootElementNames z:Id="48" xmlns="http://schemas.datacontract.org/2004/07/HP.ST.Shared.XmlGridModel" xmlns:b="http://schemas.microsoft.com/2003/10/Serialization/Arrays"><b:_items z:Id="49" z:Size="4"><q:QName z:Id="50" xmlns:q="http://schemas.microsoft.com/2003/10/Serialization/Arrays" xmlns="">Arguments</q:QName><b:QName i:nil="true"/><b:QName i:nil="true"/><b:QName i:nil="true"/></b:_items><b:_size>1</b:_size><b:_version>1</b:_version></rootElementNames><serializedSchemas z:Id="51" xmlns="http://schemas.datacontract.org/2004/07/HP.ST.Shared.XmlGridModel" xmlns:b="http://schemas.microsoft.com/2003/10/Serialization/Arrays"><b:_items z:Id="52" z:Size="4"><b:string z:Id="53">&lt;?xml version="1.0"?&gt;&#xD;
&lt;xs:schema xmlns:types="http://hp.vtd.schemas/types/v1.0" xmlns:xs="http://www.w3.org/2001/XMLSchema"&gt;&#xD;
  &lt;xs:import schemaLocation="../../../dat/schemas/Types.xsd" namespace="http://hp.vtd.schemas/types/v1.0" /&gt;&#xD;
  &lt;xs:element types:displayName="Properties" name="Arguments"&gt;&#xD;
    &lt;xs:complexType&gt;&#xD;
      &lt;xs:sequence&gt;&#xD;
        &lt;xs:element types:displayName="URL" types:argType="object" name="Url" type="xs:string"&gt;&#xD;
          &lt;xs:annotation&gt;&#xD;
            &lt;xs:documentation&gt;Sends a REST message with custom Request settings.&lt;/xs:documentation&gt;&#xD;
          &lt;/xs:annotation&gt;&#xD;
        &lt;/xs:element&gt;&#xD;
      &lt;/xs:sequence&gt;&#xD;
    &lt;/xs:complexType&gt;&#xD;
  &lt;/xs:element&gt;&#xD;
&lt;/xs:schema&gt;</b:string><b:string z:Id="54">&lt;?xml version="1.0"?&gt;&#xD;
&lt;xs:schema xmlns:tns="http://hp.vtd.schemas/types/v1.0" elementFormDefault="qualified" targetNamespace="http://hp.vtd.schemas/types/v1.0" xmlns:xs="http://www.w3.org/2001/XMLSchema"&gt;&#xD;
  &lt;xs:attribute name="nullableConstaint" type="xs:string" /&gt;&#xD;
  &lt;xs:attribute name="alertDescription" type="xs:string" /&gt;&#xD;
  &lt;xs:attribute name="displayName" type="xs:string" /&gt;&#xD;
  &lt;xs:attribute name="source" type="xs:boolean" /&gt;&#xD;
  &lt;xs:attribute name="dest" type="xs:boolean" /&gt;&#xD;
  &lt;xs:attribute name="checkPoint" type="xs:boolean" /&gt;&#xD;
  &lt;xs:attribute name="readonly" type="xs:boolean" /&gt;&#xD;
  &lt;xs:attribute name="argType" type="xs:string" /&gt;&#xD;
  &lt;xs:attribute name="visible" type="xs:boolean" /&gt;&#xD;
  &lt;xs:attribute name="CustomEditingDialog" type="xs:string" /&gt;&#xD;
  &lt;xs:attribute name="xpath" type="xs:string" /&gt;&#xD;
  &lt;xs:attribute name="serialize" type="xs:string" /&gt;&#xD;
  &lt;xs:attribute name="masked" type="xs:boolean" /&gt;&#xD;
  &lt;xs:attribute name="loose" type="xs:boolean" /&gt;&#xD;
  &lt;xs:attribute name="configurable" type="xs:boolean" /&gt;&#xD;
  &lt;xs:attribute name="multiLine" type="xs:boolean" /&gt;&#xD;
  &lt;xs:attribute name="listMethod" type="xs:string" /&gt;&#xD;
  &lt;xs:attribute name="hint" type="xs:string" /&gt;&#xD;
  &lt;xs:attribute name="argBaseTypes" type="xs:string" /&gt;&#xD;
  &lt;xs:attribute name="argParentAssembly" type="xs:string" /&gt;&#xD;
  &lt;xs:attribute name="browseDialogFilter" type="xs:string" /&gt;&#xD;
  &lt;xs:attribute name="displayCollectionName" type="xs:string" /&gt;&#xD;
  &lt;xs:attribute name="deletable" type="xs:boolean" /&gt;&#xD;
  &lt;xs:simpleType name="filePath"&gt;&#xD;
    &lt;xs:restriction base="xs:string" /&gt;&#xD;
  &lt;/xs:simpleType&gt;&#xD;
  &lt;xs:simpleType name="connectionString"&gt;&#xD;
    &lt;xs:restriction base="xs:string" /&gt;&#xD;
  &lt;/xs:simpleType&gt;&#xD;
  &lt;xs:simpleType name="queryString"&gt;&#xD;
    &lt;xs:restriction base="xs:string" /&gt;&#xD;
  &lt;/xs:simpleType&gt;&#xD;
  &lt;xs:simpleType name="databaseConnection"&gt;&#xD;
    &lt;xs:restriction base="xs:ENTITY" /&gt;&#xD;
  &lt;/xs:simpleType&gt;&#xD;
  &lt;xs:simpleType name="linkOnly"&gt;&#xD;
    &lt;xs:restriction base="xs:ENTITY" /&gt;&#xD;
  &lt;/xs:simpleType&gt;&#xD;
  &lt;xs:simpleType name="databaseTransaction"&gt;&#xD;
    &lt;xs:restriction base="xs:ENTITY" /&gt;&#xD;
  &lt;/xs:simpleType&gt;&#xD;
  &lt;xs:simpleType name="sapTransaction"&gt;&#xD;
    &lt;xs:restriction base="xs:ENTITY" /&gt;&#xD;
  &lt;/xs:simpleType&gt;&#xD;
  &lt;xs:simpleType name="dirPath"&gt;&#xD;
    &lt;xs:restriction base="xs:string" /&gt;&#xD;
  &lt;/xs:simpleType&gt;&#xD;
  &lt;xs:simpleType name="fileFolderPath"&gt;&#xD;
    &lt;xs:restriction base="xs:string" /&gt;&#xD;
  &lt;/xs:simpleType&gt;&#xD;
  &lt;xs:simpleType name="fileMD5Hash"&gt;&#xD;
    &lt;xs:restriction base="xs:string" /&gt;&#xD;
  &lt;/xs:simpleType&gt;&#xD;
  &lt;xs:complexType name="localMachineSSLCertificateInfo"&gt;&#xD;
    &lt;xs:sequence&gt;&#xD;
      &lt;xs:element tns:readonly="true" tns:displayName="Subject" minOccurs="1" maxOccurs="1" name="X509Subject" type="xs:string"&gt;&#xD;
        &lt;xs:annotation&gt;&#xD;
          &lt;xs:documentation&gt;Subject of the certificate&lt;/xs:documentation&gt;&#xD;
        &lt;/xs:annotation&gt;&#xD;
      &lt;/xs:element&gt;&#xD;
      &lt;xs:element tns:readonly="true" tns:displayName="Store location" minOccurs="1" maxOccurs="1" name="X509StoreLocation" type="xs:string"&gt;&#xD;
        &lt;xs:annotation&gt;&#xD;
          &lt;xs:documentation&gt;Location of the certificate&lt;/xs:documentation&gt;&#xD;
        &lt;/xs:annotation&gt;&#xD;
      &lt;/xs:element&gt;&#xD;
      &lt;xs:element tns:readonly="true" tns:displayName="Store name" minOccurs="1" maxOccurs="1" name="X509StoreName" type="xs:string"&gt;&#xD;
        &lt;xs:annotation&gt;&#xD;
          &lt;xs:documentation&gt;Name of the certificate's store&lt;/xs:documentation&gt;&#xD;
        &lt;/xs:annotation&gt;&#xD;
      &lt;/xs:element&gt;&#xD;
      &lt;xs:element tns:readonly="true" tns:displayName="Thumbprint" minOccurs="1" maxOccurs="1" name="X509Thumbprint" type="xs:string"&gt;&#xD;
        &lt;xs:annotation&gt;&#xD;
          &lt;xs:documentation&gt;Thumbprint or hash code of the certificate&lt;/xs:documentation&gt;&#xD;
        &lt;/xs:annotation&gt;&#xD;
      &lt;/xs:element&gt;&#xD;
    &lt;/xs:sequence&gt;&#xD;
  &lt;/xs:complexType&gt;&#xD;
  &lt;xs:simpleType name="genericNet"&gt;&#xD;
    &lt;xs:restriction base="xs:ENTITY" /&gt;&#xD;
  &lt;/xs:simpleType&gt;&#xD;
  &lt;xs:complexType name="GeneralPropertiesType"&gt;&#xD;
    &lt;xs:sequence&gt;&#xD;
      &lt;xs:element tns:readonly="true" tns:displayName="Step ID" name="StepId" type="xs:string" /&gt;&#xD;
      &lt;xs:element tns:destination="false" tns:displayName="Name" name="Name" type="xs:string" /&gt;&#xD;
      &lt;xs:element tns:visible="false" tns:readonly="true" tns:destination="false" tns:displayName="IsSkip" minOccurs="0" maxOccurs="1" name="IsSkip" type="xs:boolean" /&gt;&#xD;
    &lt;/xs:sequence&gt;&#xD;
  &lt;/xs:complexType&gt;&#xD;
  &lt;xs:complexType name="FileSystemCertificate"&gt;&#xD;
    &lt;xs:sequence&gt;&#xD;
      &lt;xs:element minOccurs="0" maxOccurs="1" name="Path" type="xs:string" /&gt;&#xD;
    &lt;/xs:sequence&gt;&#xD;
  &lt;/xs:complexType&gt;&#xD;
  &lt;xs:complexType name="WindowsStoreCertificate"&gt;&#xD;
    &lt;xs:sequence&gt;&#xD;
      &lt;xs:element tns:displayName="Store location" minOccurs="1" maxOccurs="1" name="StoreLocation" type="tns:StoreLocation" /&gt;&#xD;
      &lt;xs:element tns:displayName="Store name" minOccurs="1" maxOccurs="1" name="StoreName" type="tns:StoreName" /&gt;&#xD;
      &lt;xs:element tns:displayName="X509 find type" minOccurs="1" maxOccurs="1" name="X509FindType" type="tns:X509FindType" /&gt;&#xD;
      &lt;xs:element tns:displayName="X509 find value" minOccurs="1" maxOccurs="1" name="X509FindValue" type="xs:string" /&gt;&#xD;
    &lt;/xs:sequence&gt;&#xD;
  &lt;/xs:complexType&gt;&#xD;
  &lt;xs:simpleType name="StoreLocation"&gt;&#xD;
    &lt;xs:restriction base="xs:string"&gt;&#xD;
      &lt;xs:enumeration value="CurrentUser" /&gt;&#xD;
      &lt;xs:enumeration value="LocalMachine" /&gt;&#xD;
    &lt;/xs:restriction&gt;&#xD;
  &lt;/xs:simpleType&gt;&#xD;
  &lt;xs:simpleType name="StoreName"&gt;&#xD;
    &lt;xs:restriction base="xs:string"&gt;&#xD;
      &lt;xs:enumeration value="AddressBook" /&gt;&#xD;
      &lt;xs:enumeration value="AuthRoot" /&gt;&#xD;
      &lt;xs:enumeration value="CertificateAuthority" /&gt;&#xD;
      &lt;xs:enumeration value="Disallowed" /&gt;&#xD;
      &lt;xs:enumeration value="My" /&gt;&#xD;
      &lt;xs:enumeration value="Root" /&gt;&#xD;
      &lt;xs:enumeration value="TrustedPeople" /&gt;&#xD;
      &lt;xs:enumeration value="TrustedPublisher" /&gt;&#xD;
    &lt;/xs:restriction&gt;&#xD;
  &lt;/xs:simpleType&gt;&#xD;
  &lt;xs:simpleType name="X509FindType"&gt;&#xD;
    &lt;xs:restriction base="xs:string"&gt;&#xD;
      &lt;xs:enumeration value="FindByThumbprint" /&gt;&#xD;
      &lt;xs:enumeration value="FindBySubjectName" /&gt;&#xD;
      &lt;xs:enumeration value="FindBySubjectDistinguishedName" /&gt;&#xD;
      &lt;xs:enumeration value="FindByIssuerName" /&gt;&#xD;
      &lt;xs:enumeration value="FindByIssuerDistinguishedName" /&gt;&#xD;
      &lt;xs:enumeration value="FindBySerialNumber" /&gt;&#xD;
      &lt;xs:enumeration value="FindByTimeValid" /&gt;&#xD;
      &lt;xs:enumeration value="FindByTimeNotYetValid" /&gt;&#xD;
      &lt;xs:enumeration value="FindByTimeExpired" /&gt;&#xD;
      &lt;xs:enumeration value="FindByTemplateName" /&gt;&#xD;
      &lt;xs:enumeration value="FindByApplicationPolicy" /&gt;&#xD;
      &lt;xs:enumeration value="FindByCertificatePolicy" /&gt;&#xD;
      &lt;xs:enumeration value="FindByExtension" /&gt;&#xD;
      &lt;xs:enumeration value="FindByKeyUsage" /&gt;&#xD;
      &lt;xs:enumeration value="FindBySubjectKeyIdentifier" /&gt;&#xD;
    &lt;/xs:restriction&gt;&#xD;
  &lt;/xs:simpleType&gt;&#xD;
  &lt;xs:complexType name="Certificate"&gt;&#xD;
    &lt;xs:sequence&gt;&#xD;
      &lt;xs:choice minOccurs="1" maxOccurs="1"&gt;&#xD;
        &lt;xs:element tns:displayName="Use file system certificate" minOccurs="1" maxOccurs="1" name="FileSystem" type="tns:FileSystemCertificate" /&gt;&#xD;
        &lt;xs:element tns:displayName="Use Windows store certificate" minOccurs="1" maxOccurs="1" name="WindowsStore" type="tns:WindowsStoreCertificate" /&gt;&#xD;
      &lt;/xs:choice&gt;&#xD;
      &lt;xs:element tns:masked="true" tns:displayName=" Password" minOccurs="1" maxOccurs="1" name="Password" type="xs:string" /&gt;&#xD;
    &lt;/xs:sequence&gt;&#xD;
  &lt;/xs:complexType&gt;&#xD;
  &lt;xs:simpleType name="mqManager"&gt;&#xD;
    &lt;xs:restriction base="xs:ENTITY" /&gt;&#xD;
  &lt;/xs:simpleType&gt;&#xD;
  &lt;xs:simpleType name="mqttManager"&gt;&#xD;
    &lt;xs:restriction base="xs:ENTITY" /&gt;&#xD;
  &lt;/xs:simpleType&gt;&#xD;
  &lt;xs:simpleType name="numc"&gt;&#xD;
    &lt;xs:restriction base="xs:string"&gt;&#xD;
      &lt;xs:pattern value="\d*" /&gt;&#xD;
    &lt;/xs:restriction&gt;&#xD;
  &lt;/xs:simpleType&gt;&#xD;
&lt;/xs:schema&gt;</b:string><b:string i:nil="true"/><b:string i:nil="true"/></b:_items><b:_size>2</b:_size><b:_version>2</b:_version></serializedSchemas><a:addinDirectory z:Id="55">C:\Program Files (x86)\Micro Focus\Unified Functional Testing\AddIns\ServiceTest\REST</a:addinDirectory><a:resourceDirectory z:Id="56">C:\Users\demo\AppData\Roaming\HP\API Testing\ActivitySharingTemp\GeneralWorkingFolder_4536\RestService</a:resourceDirectory></gridMetaData></GeneralProperties><InputProperties z:Id="57" xmlns="http://schemas.datacontract.org/2004/07/HP.ST.Fwk.DesignerModel"><Parent z:Ref="1" i:nil="true"/><canBeArrayCheckPoint>false</canBeArrayCheckPoint><canBeCheckPoint>false</canBeCheckPoint><canBeDestination>false</canBeDestination><canBeSource>true</canBeSource><displayName z:Id="58">Input</displayName><expandDepth>-1</expandDepth><intraActivityPrecedence>5</intraActivityPrecedence><isJsonSection>false</isJsonSection><isSharedMetaData>false</isSharedMetaData><loadFromReplayEnabled i:nil="true"/><name z:Id="59">InputProperties</name><propertiesType z:Ref="46" i:nil="true"/><showXmlControls>false</showXmlControls><AdditionalSchemas i:nil="true" xmlns:a="http://schemas.microsoft.com/2003/10/Serialization/Arrays"/><SectionSchema i:nil="true"/><gridMetaData z:Id="60" xmlns:a="http://schemas.datacontract.org/2004/07/HP.ST.Fwk.DesignerModel.XsdProperties"><rootElementNames z:Id="61" xmlns="http://schemas.datacontract.org/2004/07/HP.ST.Shared.XmlGridModel" xmlns:b="http://schemas.microsoft.com/2003/10/Serialization/Arrays"><b:_items z:Id="62" z:Size="4"><q:QName z:Id="63" xmlns:q="http://schemas.microsoft.com/2003/10/Serialization/Arrays" xmlns="">Arguments</q:QName><b:QName i:nil="true"/><b:QName i:nil="true"/><b:QName i:nil="true"/></b:_items><b:_size>1</b:_size><b:_version>1</b:_version></rootElementNames><serializedSchemas z:Id="64" xmlns="http://schemas.datacontract.org/2004/07/HP.ST.Shared.XmlGridModel" xmlns:b="http://schemas.microsoft.com/2003/10/Serialization/Arrays"><b:_items z:Id="65" z:Size="4"><b:string z:Id="66">&lt;?xml version="1.0"?&gt;&#xD;
&lt;xs:schema xmlns:types="http://hp.vtd.schemas/types/v1.0" xmlns:xs="http://www.w3.org/2001/XMLSchema"&gt;&#xD;
  &lt;xs:import schemaLocation="../../../dat/schemas/Types.xsd" namespace="http://hp.vtd.schemas/types/v1.0" /&gt;&#xD;
  &lt;xs:element types:displayName="Properties" name="Arguments"&gt;&#xD;
    &lt;xs:complexType&gt;&#xD;
      &lt;xs:sequence /&gt;&#xD;
    &lt;/xs:complexType&gt;&#xD;
  &lt;/xs:element&gt;&#xD;
&lt;/xs:schema&gt;</b:string><b:string z:Id="67">&lt;?xml version="1.0"?&gt;&#xD;
&lt;xs:schema xmlns:tns="http://hp.vtd.schemas/types/v1.0" elementFormDefault="qualified" targetNamespace="http://hp.vtd.schemas/types/v1.0" xmlns:xs="http://www.w3.org/2001/XMLSchema"&gt;&#xD;
  &lt;xs:attribute name="nullableConstaint" type="xs:string" /&gt;&#xD;
  &lt;xs:attribute name="alertDescription" type="xs:string" /&gt;&#xD;
  &lt;xs:attribute name="displayName" type="xs:string" /&gt;&#xD;
  &lt;xs:attribute name="source" type="xs:boolean" /&gt;&#xD;
  &lt;xs:attribute name="dest" type="xs:boolean" /&gt;&#xD;
  &lt;xs:attribute name="checkPoint" type="xs:boolean" /&gt;&#xD;
  &lt;xs:attribute name="readonly" type="xs:boolean" /&gt;&#xD;
  &lt;xs:attribute name="argType" type="xs:string" /&gt;&#xD;
  &lt;xs:attribute name="visible" type="xs:boolean" /&gt;&#xD;
  &lt;xs:attribute name="CustomEditingDialog" type="xs:string" /&gt;&#xD;
  &lt;xs:attribute name="xpath" type="xs:string" /&gt;&#xD;
  &lt;xs:attribute name="serialize" type="xs:string" /&gt;&#xD;
  &lt;xs:attribute name="masked" type="xs:boolean" /&gt;&#xD;
  &lt;xs:attribute name="loose" type="xs:boolean" /&gt;&#xD;
  &lt;xs:attribute name="configurable" type="xs:boolean" /&gt;&#xD;
  &lt;xs:attribute name="multiLine" type="xs:boolean" /&gt;&#xD;
  &lt;xs:attribute name="listMethod" type="xs:string" /&gt;&#xD;
  &lt;xs:attribute name="hint" type="xs:string" /&gt;&#xD;
  &lt;xs:attribute name="argBaseTypes" type="xs:string" /&gt;&#xD;
  &lt;xs:attribute name="argParentAssembly" type="xs:string" /&gt;&#xD;
  &lt;xs:attribute name="browseDialogFilter" type="xs:string" /&gt;&#xD;
  &lt;xs:attribute name="displayCollectionName" type="xs:string" /&gt;&#xD;
  &lt;xs:attribute name="deletable" type="xs:boolean" /&gt;&#xD;
  &lt;xs:simpleType name="filePath"&gt;&#xD;
    &lt;xs:restriction base="xs:string" /&gt;&#xD;
  &lt;/xs:simpleType&gt;&#xD;
  &lt;xs:simpleType name="connectionString"&gt;&#xD;
    &lt;xs:restriction base="xs:string" /&gt;&#xD;
  &lt;/xs:simpleType&gt;&#xD;
  &lt;xs:simpleType name="queryString"&gt;&#xD;
    &lt;xs:restriction base="xs:string" /&gt;&#xD;
  &lt;/xs:simpleType&gt;&#xD;
  &lt;xs:simpleType name="databaseConnection"&gt;&#xD;
    &lt;xs:restriction base="xs:ENTITY" /&gt;&#xD;
  &lt;/xs:simpleType&gt;&#xD;
  &lt;xs:simpleType name="linkOnly"&gt;&#xD;
    &lt;xs:restriction base="xs:ENTITY" /&gt;&#xD;
  &lt;/xs:simpleType&gt;&#xD;
  &lt;xs:simpleType name="databaseTransaction"&gt;&#xD;
    &lt;xs:restriction base="xs:ENTITY" /&gt;&#xD;
  &lt;/xs:simpleType&gt;&#xD;
  &lt;xs:simpleType name="sapTransaction"&gt;&#xD;
    &lt;xs:restriction base="xs:ENTITY" /&gt;&#xD;
  &lt;/xs:simpleType&gt;&#xD;
  &lt;xs:simpleType name="dirPath"&gt;&#xD;
    &lt;xs:restriction base="xs:string" /&gt;&#xD;
  &lt;/xs:simpleType&gt;&#xD;
  &lt;xs:simpleType name="fileFolderPath"&gt;&#xD;
    &lt;xs:restriction base="xs:string" /&gt;&#xD;
  &lt;/xs:simpleType&gt;&#xD;
  &lt;xs:simpleType name="fileMD5Hash"&gt;&#xD;
    &lt;xs:restriction base="xs:string" /&gt;&#xD;
  &lt;/xs:simpleType&gt;&#xD;
  &lt;xs:complexType name="localMachineSSLCertificateInfo"&gt;&#xD;
    &lt;xs:sequence&gt;&#xD;
      &lt;xs:element tns:readonly="true" tns:displayName="Subject" minOccurs="1" maxOccurs="1" name="X509Subject" type="xs:string"&gt;&#xD;
        &lt;xs:annotation&gt;&#xD;
          &lt;xs:documentation&gt;Subject of the certificate&lt;/xs:documentation&gt;&#xD;
        &lt;/xs:annotation&gt;&#xD;
      &lt;/xs:element&gt;&#xD;
      &lt;xs:element tns:readonly="true" tns:displayName="Store location" minOccurs="1" maxOccurs="1" name="X509StoreLocation" type="xs:string"&gt;&#xD;
        &lt;xs:annotation&gt;&#xD;
          &lt;xs:documentation&gt;Location of the certificate&lt;/xs:documentation&gt;&#xD;
        &lt;/xs:annotation&gt;&#xD;
      &lt;/xs:element&gt;&#xD;
      &lt;xs:element tns:readonly="true" tns:displayName="Store name" minOccurs="1" maxOccurs="1" name="X509StoreName" type="xs:string"&gt;&#xD;
        &lt;xs:annotation&gt;&#xD;
          &lt;xs:documentation&gt;Name of the certificate's store&lt;/xs:documentation&gt;&#xD;
        &lt;/xs:annotation&gt;&#xD;
      &lt;/xs:element&gt;&#xD;
      &lt;xs:element tns:readonly="true" tns:displayName="Thumbprint" minOccurs="1" maxOccurs="1" name="X509Thumbprint" type="xs:string"&gt;&#xD;
        &lt;xs:annotation&gt;&#xD;
          &lt;xs:documentation&gt;Thumbprint or hash code of the certificate&lt;/xs:documentation&gt;&#xD;
        &lt;/xs:annotation&gt;&#xD;
      &lt;/xs:element&gt;&#xD;
    &lt;/xs:sequence&gt;&#xD;
  &lt;/xs:complexType&gt;&#xD;
  &lt;xs:simpleType name="genericNet"&gt;&#xD;
    &lt;xs:restriction base="xs:ENTITY" /&gt;&#xD;
  &lt;/xs:simpleType&gt;&#xD;
  &lt;xs:complexType name="GeneralPropertiesType"&gt;&#xD;
    &lt;xs:sequence&gt;&#xD;
      &lt;xs:element tns:readonly="true" tns:displayName="Step ID" name="StepId" type="xs:string" /&gt;&#xD;
      &lt;xs:element tns:destination="false" tns:displayName="Name" name="Name" type="xs:string" /&gt;&#xD;
      &lt;xs:element tns:visible="false" tns:readonly="true" tns:destination="false" tns:displayName="IsSkip" minOccurs="0" maxOccurs="1" name="IsSkip" type="xs:boolean" /&gt;&#xD;
    &lt;/xs:sequence&gt;&#xD;
  &lt;/xs:complexType&gt;&#xD;
  &lt;xs:complexType name="FileSystemCertificate"&gt;&#xD;
    &lt;xs:sequence&gt;&#xD;
      &lt;xs:element minOccurs="0" maxOccurs="1" name="Path" type="xs:string" /&gt;&#xD;
    &lt;/xs:sequence&gt;&#xD;
  &lt;/xs:complexType&gt;&#xD;
  &lt;xs:complexType name="WindowsStoreCertificate"&gt;&#xD;
    &lt;xs:sequence&gt;&#xD;
      &lt;xs:element tns:displayName="Store location" minOccurs="1" maxOccurs="1" name="StoreLocation" type="tns:StoreLocation" /&gt;&#xD;
      &lt;xs:element tns:displayName="Store name" minOccurs="1" maxOccurs="1" name="StoreName" type="tns:StoreName" /&gt;&#xD;
      &lt;xs:element tns:displayName="X509 find type" minOccurs="1" maxOccurs="1" name="X509FindType" type="tns:X509FindType" /&gt;&#xD;
      &lt;xs:element tns:displayName="X509 find value" minOccurs="1" maxOccurs="1" name="X509FindValue" type="xs:string" /&gt;&#xD;
    &lt;/xs:sequence&gt;&#xD;
  &lt;/xs:complexType&gt;&#xD;
  &lt;xs:simpleType name="StoreLocation"&gt;&#xD;
    &lt;xs:restriction base="xs:string"&gt;&#xD;
      &lt;xs:enumeration value="CurrentUser" /&gt;&#xD;
      &lt;xs:enumeration value="LocalMachine" /&gt;&#xD;
    &lt;/xs:restriction&gt;&#xD;
  &lt;/xs:simpleType&gt;&#xD;
  &lt;xs:simpleType name="StoreName"&gt;&#xD;
    &lt;xs:restriction base="xs:string"&gt;&#xD;
      &lt;xs:enumeration value="AddressBook" /&gt;&#xD;
      &lt;xs:enumeration value="AuthRoot" /&gt;&#xD;
      &lt;xs:enumeration value="CertificateAuthority" /&gt;&#xD;
      &lt;xs:enumeration value="Disallowed" /&gt;&#xD;
      &lt;xs:enumeration value="My" /&gt;&#xD;
      &lt;xs:enumeration value="Root" /&gt;&#xD;
      &lt;xs:enumeration value="TrustedPeople" /&gt;&#xD;
      &lt;xs:enumeration value="TrustedPublisher" /&gt;&#xD;
    &lt;/xs:restriction&gt;&#xD;
  &lt;/xs:simpleType&gt;&#xD;
  &lt;xs:simpleType name="X509FindType"&gt;&#xD;
    &lt;xs:restriction base="xs:string"&gt;&#xD;
      &lt;xs:enumeration value="FindByThumbprint" /&gt;&#xD;
      &lt;xs:enumeration value="FindBySubjectName" /&gt;&#xD;
      &lt;xs:enumeration value="FindBySubjectDistinguishedName" /&gt;&#xD;
      &lt;xs:enumeration value="FindByIssuerName" /&gt;&#xD;
      &lt;xs:enumeration value="FindByIssuerDistinguishedName" /&gt;&#xD;
      &lt;xs:enumeration value="FindBySerialNumber" /&gt;&#xD;
      &lt;xs:enumeration value="FindByTimeValid" /&gt;&#xD;
      &lt;xs:enumeration value="FindByTimeNotYetValid" /&gt;&#xD;
      &lt;xs:enumeration value="FindByTimeExpired" /&gt;&#xD;
      &lt;xs:enumeration value="FindByTemplateName" /&gt;&#xD;
      &lt;xs:enumeration value="FindByApplicationPolicy" /&gt;&#xD;
      &lt;xs:enumeration value="FindByCertificatePolicy" /&gt;&#xD;
      &lt;xs:enumeration value="FindByExtension" /&gt;&#xD;
      &lt;xs:enumeration value="FindByKeyUsage" /&gt;&#xD;
      &lt;xs:enumeration value="FindBySubjectKeyIdentifier" /&gt;&#xD;
    &lt;/xs:restriction&gt;&#xD;
  &lt;/xs:simpleType&gt;&#xD;
  &lt;xs:complexType name="Certificate"&gt;&#xD;
    &lt;xs:sequence&gt;&#xD;
      &lt;xs:choice minOccurs="1" maxOccurs="1"&gt;&#xD;
        &lt;xs:element tns:displayName="Use file system certificate" minOccurs="1" maxOccurs="1" name="FileSystem" type="tns:FileSystemCertificate" /&gt;&#xD;
        &lt;xs:element tns:displayName="Use Windows store certificate" minOccurs="1" maxOccurs="1" name="WindowsStore" type="tns:WindowsStoreCertificate" /&gt;&#xD;
      &lt;/xs:choice&gt;&#xD;
      &lt;xs:element tns:masked="true" tns:displayName=" Password" minOccurs="1" maxOccurs="1" name="Password" type="xs:string" /&gt;&#xD;
    &lt;/xs:sequence&gt;&#xD;
  &lt;/xs:complexType&gt;&#xD;
  &lt;xs:simpleType name="mqManager"&gt;&#xD;
    &lt;xs:restriction base="xs:ENTITY" /&gt;&#xD;
  &lt;/xs:simpleType&gt;&#xD;
  &lt;xs:simpleType name="mqttManager"&gt;&#xD;
    &lt;xs:restriction base="xs:ENTITY" /&gt;&#xD;
  &lt;/xs:simpleType&gt;&#xD;
  &lt;xs:simpleType name="numc"&gt;&#xD;
    &lt;xs:restriction base="xs:string"&gt;&#xD;
      &lt;xs:pattern value="\d*" /&gt;&#xD;
    &lt;/xs:restriction&gt;&#xD;
  &lt;/xs:simpleType&gt;&#xD;
&lt;/xs:schema&gt;</b:string><b:string i:nil="true"/><b:string i:nil="true"/></b:_items><b:_size>2</b:_size><b:_version>2</b:_version></serializedSchemas><a:addinDirectory z:Ref="55" i:nil="true"/><a:resourceDirectory z:Ref="56" i:nil="true"/></gridMetaData></InputProperties><OutputProperties i:nil="true" xmlns="http://schemas.datacontract.org/2004/07/HP.ST.Fwk.DesignerModel"/><OutputXPathProperties z:Id="68" xmlns="http://schemas.datacontract.org/2004/07/HP.ST.Fwk.DesignerModel"><Parent i:nil="true"/><canBeArrayCheckPoint>false</canBeArrayCheckPoint><canBeCheckPoint>true</canBeCheckPoint><canBeDestination>true</canBeDestination><canBeSource>false</canBeSource><displayName z:Id="69">XPath Checkpoints</displayName><expandDepth>-1</expandDepth><intraActivityPrecedence>0</intraActivityPrecedence><isJsonSection>false</isJsonSection><isSharedMetaData>false</isSharedMetaData><loadFromReplayEnabled i:nil="true"/><name z:Id="70">OutputXpathProperties</name><propertiesType i:nil="true"/><showXmlControls>false</showXmlControls><AdditionalSchemas i:nil="true" xmlns:a="http://schemas.microsoft.com/2003/10/Serialization/Arrays"/><SectionSchema i:nil="true"/><gridMetaData i:nil="true" xmlns:a="http://schemas.datacontract.org/2004/07/HP.ST.Fwk.DesignerModel.XsdProperties"/></OutputXPathProperties><IsCreated>true</IsCreated><IsFromUrl i:nil="true"/><RestType>Unknown</RestType><URL i:nil="true"/><Uri i:nil="true"/></RestServiceMetaDataV2>