<TestParameters><Schema><xsd:schema xmlns:xsi="http://www.w3.org/2001/XMLSchema-instance" xmlns:xs="http://www.w3.org/2001/XMLSchema" xmlns:types="http://hp.vtd.schemas/types/v1.0" xmlns:xsd="http://www.w3.org/2001/XMLSchema"><xs:import schemaLocation="../../../dat/schemas/Types.xsd" namespace="http://hp.vtd.schemas/types/v1.0" /><xs:element types:displayName="Parameters" name="Arguments"><xs:complexType><xs:sequence><xs:element name="CreatedResNumber" type="xs:int"><xs:annotation><xs:documentation /></xs:annotation></xs:element></xs:sequence></xs:complexType></xs:element></xsd:schema></Schema><Values><Arguments><CreatedResNumber>{Step.OutputProperties.StServiceCallActivity5.Body.CreateFlightOrderResponse.CreateFlightOrderResult.OrderNumber}</CreatedResNumber></Arguments></Values></TestParameters>